kind,name,category,sub_category,implemented,tested,notes
tvm,PUSHNAN,arithmetic,int_const,true,false,
tvm,ADD,arithmetic,add_mul,true,true,
tvm,SUB,arithmetic,add_mul,true,true,
tvm,SUBR,arithmetic,add_mul,false,true,
tvm,NEGATE,arithmetic,add_mul,true,true,
tvm,INC,arithmetic,add_mul,false,true,
tvm,DEC,arithmetic,add_mul,false,true,
tvm,MUL,arithmetic,add_mul,false,true,
tvm,POW2,arithmetic,shift_logic,false,false,
tvm,AND,arithmetic,shift_logic,false,false,
tvm,OR,arithmetic,shift_logic,false,false,
tvm,XOR,arithmetic,shift_logic,false,false,
tvm,NOT,arithmetic,shift_logic,false,false,
tvm,FITSX,arithmetic,shift_logic,false,false,
tvm,UFITSX,arithmetic,shift_logic,false,false,
tvm,BITSIZE,arithmetic,shift_logic,true,false,
tvm,UBITSIZE,arithmetic,shift_logic,true,false,
tvm,MIN,arithmetic,other_arith,true,true,
tvm,MAX,arithmetic,other_arith,true,true,
tvm,MINMAX,arithmetic,other_arith,false,false,
tvm,ABS,arithmetic,other_arith,true,false,
tvm,QADD,arithmetic,add_mul,true,false,
tvm,QSUB,arithmetic,add_mul,true,false,
tvm,QSUBR,arithmetic,add_mul,true,false,
tvm,QNEGATE,arithmetic,add_mul,true,false,
tvm,QINC,arithmetic,add_mul,true,false,
tvm,QDEC,arithmetic,add_mul,true,false,
tvm,QMUL,arithmetic,add_mul,true,false,
tvm,QPOW2,arithmetic,shift_logic,true,false,
tvm,QAND,arithmetic,shift_logic,false,false,
tvm,QOR,arithmetic,shift_logic,false,false,
tvm,QXOR,arithmetic,shift_logic,false,false,
tvm,QNOT,arithmetic,shift_logic,false,false,
tvm,QFITSX,arithmetic,shift_logic,false,false,
tvm,QUFITSX,arithmetic,shift_logic,false,false,
tvm,QBITSIZE,arithmetic,shift_logic,false,false,
tvm,QUBITSIZE,arithmetic,shift_logic,false,false,
tvm,QMIN,arithmetic,other_arith,false,false,
tvm,QMAX,arithmetic,other_arith,true,false,
tvm,QMINMAX,arithmetic,other_arith,true,false,
tvm,QABS,arithmetic,other_arith,true,false,
tvm,SGN,arithmetic,int_cmp,true,false,
tvm,LESS,arithmetic,int_cmp,false,false,
tvm,EQUAL,arithmetic,int_cmp,true,false,
tvm,LEQ,arithmetic,int_cmp,true,false,
tvm,GREATER,arithmetic,int_cmp,true,false,
tvm,NEQ,arithmetic,int_cmp,true,false,
tvm,GEQ,arithmetic,int_cmp,false,false,
tvm,CMP,arithmetic,int_cmp,true,false,
tvm,ISNAN,arithmetic,int_cmp,false,false,
tvm,CHKNAN,arithmetic,int_cmp,false,false,
tvm,QSGN,arithmetic,int_cmp,false,false,
tvm,QLESS,arithmetic,int_cmp,false,false,
tvm,QEQUAL,arithmetic,int_cmp,false,false,
tvm,QLEQ,arithmetic,int_cmp,false,false,
tvm,QGREATER,arithmetic,int_cmp,false,false,
tvm,QNEQ,arithmetic,int_cmp,false,false,
tvm,QGEQ,arithmetic,int_cmp,false,false,
tvm,QCMP,arithmetic,int_cmp,true,false,
tvm,SEMPTY,cell,cell_cmp,true,false,
tvm,SDEMPTY,cell,cell_cmp,true,false,
tvm,SREMPTY,cell,cell_cmp,true,false,
tvm,SDFIRST,cell,cell_cmp,false,false,
tvm,SDLEXCMP,cell,cell_cmp,true,false,
tvm,SDEQ,cell,cell_cmp,true,false,
tvm,SDPFX,cell,cell_cmp,true,false,
tvm,SDPFXREV,cell,cell_cmp,true,false,
tvm,SDPPFX,cell,cell_cmp,true,false,
tvm,SDPPFXREV,cell,cell_cmp,true,false,
tvm,SDSFX,cell,cell_cmp,false,false,
tvm,SDSFXREV,cell,cell_cmp,false,false,
tvm,SDPSFX,cell,cell_cmp,false,false,
tvm,SDPSFXREV,cell,cell_cmp,false,false,
tvm,SDCNTLEAD0,cell,cell_cmp,false,false,
tvm,SDCNTLEAD1,cell,cell_cmp,false,false,
tvm,SDCNTTRAIL0,cell,cell_cmp,false,false,
tvm,SDCNTTRAIL1,cell,cell_cmp,false,false,
tvm,NEWC,cell,cell_serialize,false,false,
tvm,ENDC,cell,cell_serialize,true,false,
tvm,ENDCST,cell,cell_serialize,true,false,
tvm,STBREF,cell,cell_serialize,true,false,
tvm,STB,cell,cell_serialize,true,false,
tvm,STREFR,cell,cell_serialize,false,false,
tvm,STBREFR,cell,cell_serialize,true,false,
tvm,STSLICER,cell,cell_serialize,true,false,
tvm,STBR,cell,cell_serialize,true,false,
tvm,STREFQ,cell,cell_serialize,true,false,
tvm,STBREFQ,cell,cell_serialize,true,false,
tvm,STSLICEQ,cell,cell_serialize,true,false,
tvm,STBQ,cell,cell_serialize,false,false,
tvm,STREFRQ,cell,cell_serialize,false,false,
tvm,STBREFRQ,cell,cell_serialize,false,false,
tvm,STSLICERQ,cell,cell_serialize,false,false,
tvm,STBRQ,cell,cell_serialize,false,false,
tvm,ENDXC,cell,cell_serialize,false,false,
tvm,BDEPTH,cell,cell_serialize,false,false,
tvm,BBITS,cell,cell_serialize,false,false,
tvm,BREFS,cell,cell_serialize,false,false,
tvm,BBITREFS,cell,cell_serialize,true,false,
tvm,BREMBITS,cell,cell_serialize,true,false,
tvm,BREMREFS,cell,cell_serialize,true,false,
tvm,BREMBITREFS,cell,cell_serialize,true,false,
tvm,BCHKREFS,cell,cell_serialize,false,false,
tvm,BCHKBITREFS,cell,cell_serialize,false,false,
tvm,BCHKREFSQ,cell,cell_serialize,false,false,
tvm,BCHKBITREFSQ,cell,cell_serialize,false,false,
tvm,STZEROES,cell,cell_serialize,false,false,
tvm,STONES,cell,cell_serialize,false,false,
tvm,STSAME,cell,cell_serialize,false,false,
tvm,CTOS,cell,cell_deserialize,false,false,
tvm,ENDS,cell,cell_deserialize,false,false,
tvm,LDREF,cell,cell_deserialize,false,false,
tvm,LDREFRTOS,cell,cell_deserialize,false,false,
tvm,SDCUTFIRST,cell,cell_deserialize,false,false,
tvm,SDSKIPFIRST,cell,cell_deserialize,false,false,
tvm,SDCUTLAST,cell,cell_deserialize,false,false,
tvm,SDSKIPLAST,cell,cell_deserialize,false,false,
tvm,SDSUBSTR,cell,cell_deserialize,false,false,
tvm,SCUTFIRST,cell,cell_deserialize,false,false,
tvm,SSKIPFIRST,cell,cell_deserialize,false,false,
tvm,SCUTLAST,cell,cell_deserialize,false,false,
tvm,SSKIPLAST,cell,cell_deserialize,false,false,
tvm,SUBSLICE,cell,cell_deserialize,false,false,
tvm,SPLIT,cell,cell_deserialize,false,false,
tvm,SPLITQ,cell,cell_deserialize,false,false,
tvm,XCTOS,cell,cell_deserialize,false,false,
tvm,XLOAD,cell,cell_deserialize,false,false,
tvm,XLOADQ,cell,cell_deserialize,false,false,
tvm,SCHKBITS,cell,cell_deserialize,false,false,
tvm,SCHKREFS,cell,cell_deserialize,false,false,
tvm,SCHKBITREFS,cell,cell_deserialize,false,false,
tvm,SCHKBITSQ,cell,cell_deserialize,false,false,
tvm,SCHKREFSQ,cell,cell_deserialize,false,false,
tvm,SCHKBITREFSQ,cell,cell_deserialize,false,false,
tvm,PLDREFVAR,cell,cell_deserialize,false,false,
tvm,SBITS,cell,cell_deserialize,false,false,
tvm,SREFS,cell,cell_deserialize,false,false,
tvm,SBITREFS,cell,cell_deserialize,false,false,
tvm,LDZEROES,cell,cell_deserialize,false,false,
tvm,LDONES,cell,cell_deserialize,false,false,
tvm,LDSAME,cell,cell_deserialize,false,false,
tvm,SDEPTH,cell,cell_deserialize,false,false,
tvm,CDEPTH,cell,cell_deserialize,false,false,
tvm,CLEVEL,cell,cell_deserialize,false,false,
tvm,CLEVELMASK,cell,cell_deserialize,false,false,
tvm,CHASHIX,cell,cell_deserialize,false,false,
tvm,CDEPTHIX,cell,cell_deserialize,false,false,
tvm,EXECUTE,continuation,continuation_jump,false,false,
tvm,JMPX,continuation,continuation_jump,false,false,
tvm,RET,continuation,continuation_jump,false,false,
tvm,RETALT,continuation,continuation_jump,false,false,
tvm,RETBOOL,continuation,continuation_jump,false,false,
tvm,CALLCC,continuation,continuation_jump,false,false,
tvm,JMPXDATA,continuation,continuation_jump,false,false,
tvm,CALLXVARARGS,continuation,continuation_jump,false,false,
tvm,RETVARARGS,continuation,continuation_jump,false,false,
tvm,JMPXVARARGS,continuation,continuation_jump,false,false,
tvm,CALLCCVARARGS,continuation,continuation_jump,false,false,
tvm,RETDATA,continuation,continuation_jump,false,false,
tvm,RUNVMX,continuation,continuation_jump,false,false,
tvm,IFRET,continuation,continuation_cond,false,false,
tvm,IFNOTRET,continuation,continuation_cond,false,false,
tvm,IF,continuation,continuation_cond,false,false,
tvm,IFNOT,continuation,continuation_cond,false,false,
tvm,IFJMP,continuation,continuation_cond,false,false,
tvm,IFNOTJMP,continuation,continuation_cond,false,false,
tvm,IFELSE,continuation,continuation_cond,false,false,
tvm,CONDSEL,continuation,continuation_cond,false,false,
tvm,CONDSELCHK,continuation,continuation_cond,false,false,
tvm,IFRETALT,continuation,continuation_cond,false,false,
tvm,IFNOTRETALT,continuation,continuation_cond,false,false,
tvm,REPEAT,continuation,continuation_cond_loop,false,false,
tvm,REPEATEND,continuation,continuation_cond_loop,false,false,
tvm,UNTIL,continuation,continuation_cond_loop,false,false,
tvm,UNTILEND,continuation,continuation_cond_loop,false,false,
tvm,WHILE,continuation,continuation_cond_loop,false,false,
tvm,WHILEEND,continuation,continuation_cond_loop,false,false,
tvm,AGAIN,continuation,continuation_cond_loop,false,false,
tvm,AGAINEND,continuation,continuation_cond_loop,false,false,
tvm,REPEATBRK,continuation,continuation_cond_loop,false,false,
tvm,REPEATENDBRK,continuation,continuation_cond_loop,false,false,
tvm,UNTILBRK,continuation,continuation_cond_loop,false,false,
tvm,UNTILENDBRK,continuation,continuation_cond_loop,false,false,
tvm,WHILEBRK,continuation,continuation_cond_loop,false,false,
tvm,WHILEENDBRK,continuation,continuation_cond_loop,false,false,
tvm,AGAINBRK,continuation,continuation_cond_loop,false,false,
tvm,AGAINENDBRK,continuation,continuation_cond_loop,false,false,
tvm,RETURNVARARGS,continuation,continuation_change,false,false,
tvm,SETCONTVARARGS,continuation,continuation_change,false,false,
tvm,SETNUMVARARGS,continuation,continuation_change,false,false,
tvm,BLESS,continuation,continuation_change,false,false,
tvm,BLESSVARARGS,continuation,continuation_change,false,false,
tvm,PUSHCTRX,continuation,continuation_change,false,false,
tvm,POPCTRX,continuation,continuation_change,false,false,
tvm,SETCONTCTRX,continuation,continuation_change,false,false,
tvm,SETCONTCTRMANYX,continuation,continuation_change,false,false,
tvm,BOOLAND,continuation,continuation_change,false,false,
tvm,BOOLOR,continuation,continuation_change,false,false,
tvm,COMPOSBOTH,continuation,continuation_change,false,false,
tvm,ATEXIT,continuation,continuation_change,false,false,
tvm,ATEXITALT,continuation,continuation_change,false,false,
tvm,SETEXITALT,continuation,continuation_change,false,false,
tvm,THENRET,continuation,continuation_change,false,false,
tvm,THENRETALT,continuation,continuation_change,false,false,
tvm,INVERT,continuation,continuation_change,false,false,
tvm,BOOLEVAL,continuation,continuation_change,false,false,
tvm,SAMEALT,continuation,continuation_change,false,false,
tvm,SAMEALTSAVE,continuation,continuation_change,false,false,
tvm,TRY,exception,,false,false,
tvm,STDICT,dictionary,,false,false,
tvm,SKIPDICT,dictionary,,false,false,
tvm,LDDICTS,dictionary,,false,false,
tvm,PLDDICTS,dictionary,,false,false,
tvm,LDDICT,dictionary,,false,false,
tvm,PLDDICT,dictionary,,false,false,
tvm,LDDICTQ,dictionary,,false,false,
tvm,PLDDICTQ,dictionary,,false,false,
tvm,PFXDICTSET,dictionary,,false,false,
tvm,PFXDICTREPLACE,dictionary,,false,false,
tvm,PFXDICTADD,dictionary,,false,false,
tvm,PFXDICTDEL,dictionary,,false,false,
tvm,PFXDICTGETQ,dictionary,,false,false,
tvm,PFXDICTGET,dictionary,,false,false,
tvm,PFXDICTGETJMP,dictionary,,false,false,
tvm,PFXDICTGETEXEC,dictionary,,false,false,
tvm,NOP,stack,,false,false,
tvm,SWAP,stack,,false,false,
tvm,DUP,stack,,false,false,
tvm,OVER,stack,,false,false,
tvm,DROP,stack,,false,false,
tvm,NIP,stack,,false,false,
tvm,ROT,stack,,false,false,
tvm,ROTREV,stack,,false,false,
tvm,PICK,stack,,false,false,
tvm,ROLL,stack,,false,false,
tvm,ROLLREV,stack,,false,false,
tvm,BLKSWX,stack,,false,false,
tvm,REVX,stack,,false,false,
tvm,DROPX,stack,,false,false,
tvm,TUCK,stack,,false,false,
tvm,XCHGX,stack,,false,false,
tvm,DEPTH,stack,,false,false,
tvm,CHKDEPTH,stack,,false,false,
tvm,ONLYTOPX,stack,,false,false,
tvm,ONLYX,stack,,false,false,
tvm,ACCEPT,basic_gas,,false,false,
tvm,SETGASLIMIT,basic_gas,,false,false,
tvm,GASCONSUMED,basic_gas,,false,false,
tvm,COMMIT,basic_gas,,false,false,
tvm,NOW,config,,false,false,
tvm,BLOCKLT,config,,false,false,
tvm,LTIME,config,,false,false,
tvm,RANDSEED,config,,false,false,
tvm,BALANCE,config,,false,false,
tvm,MYADDR,config,,false,false,
tvm,CONFIGROOT,config,,false,false,
tvm,MYCODE,config,,false,false,
tvm,INCOMINGVALUE,config,,false,false,
tvm,STORAGEFEES,config,,false,false,
tvm,PREVBLOCKSINFOTUPLE,config,,false,false,
tvm,UNPACKEDCONFIGTUPLE,config,,false,false,
tvm,DUEPAYMENT,config,,false,false,
tvm,CONFIGDICT,config,,false,false,
tvm,CONFIGPARAM,config,,false,false,
tvm,CONFIGOPTPARAM,config,,false,false,
tvm,PREVMCBLOCKS,config,,false,false,
tvm,PREVKEYBLOCK,config,,false,false,
tvm,PREVMCBLOCKS_100,config,,false,false,
tvm,GLOBALID,config,,false,false,
tvm,GETGASFEE,config,,false,false,
tvm,GETSTORAGEFEE,config,,false,false,
tvm,GETFORWARDFEE,config,,false,false,
tvm,GETPRECOMPILEDGAS,config,,false,false,
tvm,GETORIGINALFWDFEE,config,,false,false,
tvm,GETGASFEESIMPLE,config,,false,false,
tvm,GETFORWARDFEESIMPLE,config,,false,false,
tvm,GETGLOBVAR,globals,,false,false,
tvm,SETGLOBVAR,globals,,false,false,
tvm,RANDU256,prng,,false,false,
tvm,RAND,prng,,false,false,
tvm,SETRAND,prng,,false,false,
tvm,ADDRAND,prng,,false,false,
tvm,HASHCU,crypto,crypto_common,false,false,
tvm,HASHSU,crypto,crypto_common,false,false,
tvm,SHA256U,crypto,crypto_common,false,false,
tvm,CHKSIGNU,crypto,crypto_common,false,false,
tvm,CHKSIGNS,crypto,crypto_common,false,false,
tvm,ECRECOVER,crypto,crypto_common,false,false,
tvm,SECP256K1_XONLY_PUBKEY_TWEAK_ADD,crypto,crypto_common,false,false,
tvm,P256_CHKSIGNU,crypto,crypto_common,false,false,
tvm,P256_CHKSIGNS,crypto,crypto_common,false,false,
tvm,RIST255_FROMHASH,crypto,crypto_rist255,false,false,
tvm,RIST255_VALIDATE,crypto,crypto_rist255,false,false,
tvm,RIST255_ADD,crypto,crypto_rist255,false,false,
tvm,RIST255_SUB,crypto,crypto_rist255,false,false,
tvm,RIST255_MUL,crypto,crypto_rist255,false,false,
tvm,RIST255_MULBASE,crypto,crypto_rist255,false,false,
tvm,RIST255_PUSHL,crypto,crypto_rist255,false,false,
tvm,RIST255_QVALIDATE,crypto,crypto_rist255,false,false,
tvm,RIST255_QADD,crypto,crypto_rist255,false,false,
tvm,RIST255_QSUB,crypto,crypto_rist255,false,false,
tvm,RIST255_QMUL,crypto,crypto_rist255,false,false,
tvm,RIST255_QMULBASE,crypto,crypto_rist255,false,false,
tvm,BLS_VERIFY,crypto,crypto_bls,false,false,
tvm,BLS_AGGREGATE,crypto,crypto_bls,false,false,
tvm,BLS_FASTAGGREGATEVERIFY,crypto,crypto_bls,false,false,
tvm,BLS_AGGREGATEVERIFY,crypto,crypto_bls,false,false,
tvm,BLS_G1_ADD,crypto,crypto_bls,false,false,
tvm,BLS_G1_SUB,crypto,crypto_bls,false,false,
tvm,BLS_G1_NEG,crypto,crypto_bls,false,false,
tvm,BLS_G1_MUL,crypto,crypto_bls,false,false,
tvm,BLS_G1_MULTIEXP,crypto,crypto_bls,false,false,
tvm,BLS_G1_ZERO,crypto,crypto_bls,false,false,
tvm,BLS_MAP_TO_G1,crypto,crypto_bls,false,false,
tvm,BLS_G1_INGROUP,crypto,crypto_bls,false,false,
tvm,BLS_G1_ISZERO,crypto,crypto_bls,false,false,
tvm,BLS_G2_ADD,crypto,crypto_bls,false,false,
tvm,BLS_G2_SUB,crypto,crypto_bls,false,false,
tvm,BLS_G2_NEG,crypto,crypto_bls,false,false,
tvm,BLS_G2_MUL,crypto,crypto_bls,false,false,
tvm,BLS_G2_MULTIEXP,crypto,crypto_bls,false,false,
tvm,BLS_G2_ZERO,crypto,crypto_bls,false,false,
tvm,BLS_MAP_TO_G2,crypto,crypto_bls,false,false,
tvm,BLS_G2_INGROUP,crypto,crypto_bls,false,false,
tvm,BLS_G2_ISZERO,crypto,crypto_bls,false,false,
tvm,BLS_PAIRING,crypto,crypto_bls,false,false,
tvm,BLS_PUSHR,crypto,crypto_bls,false,false,
tvm,CDATASIZEQ,misc,,false,false,
tvm,CDATASIZE,misc,,false,false,
tvm,SDATASIZEQ,misc,,false,false,
tvm,SDATASIZE,misc,,false,false,
tvm,LDGRAMS,cell,cell_deserialize,false,false,
tvm,LDVARINT16,cell,cell_deserialize,false,false,
tvm,STGRAMS,cell,cell_serialize,false,false,
tvm,STVARINT16,cell,cell_serialize,false,false,
tvm,LDVARUINT32,cell,cell_deserialize,false,false,
tvm,LDVARINT32,cell,cell_deserialize,false,false,
tvm,STVARUINT32,cell,cell_serialize,false,false,
tvm,STVARINT32,cell,cell_serialize,false,false,
tvm,LDMSGADDR,cell,cell_deserialize,false,false,
tvm,LDMSGADDRQ,cell,cell_deserialize,false,false,
tvm,PARSEMSGADDR,address,,false,false,
tvm,PARSEMSGADDRQ,address,,false,false,
tvm,REWRITESTDADDR,address,,false,false,
tvm,REWRITESTDADDRQ,address,,false,false,
tvm,REWRITEVARADDR,address,,false,false,
tvm,REWRITEVARADDRQ,address,,false,false,
tvm,SENDRAWMSG,message,,false,false,
tvm,RAWRESERVE,message,,false,false,
tvm,RAWRESERVEX,message,,false,false,
tvm,SETCODE,message,,false,false,
tvm,SETLIBCODE,message,,false,false,
tvm,CHANGELIB,message,,false,false,
tvm,SENDMSG,message,,false,false,
tvm,PUSHNULL,tuple,,false,false,
tvm,ISNULL,tuple,,false,false,
tvm,TUPLEVAR,tuple,,false,false,
tvm,INDEXVAR,tuple,,false,false,
tvm,UNTUPLEVAR,tuple,,false,false,
tvm,UNPACKFIRSTVAR,tuple,,false,false,
tvm,EXPLODEVAR,tuple,,false,false,
tvm,SETINDEXVAR,tuple,,false,false,
tvm,INDEXVARQ,tuple,,false,false,
tvm,SETINDEXVARQ,tuple,,false,false,
tvm,TLEN,tuple,,false,false,
tvm,QTLEN,tuple,,false,false,
tvm,ISTUPLE,tuple,,false,false,
tvm,LAST,tuple,,false,false,
tvm,TPUSH,tuple,,false,false,
tvm,TPOP,tuple,,false,false,
tvm,NULLSWAPIF,tuple,,false,false,
tvm,NULLSWAPIFNOT,tuple,,false,false,
tvm,NULLROTRIF,tuple,,false,false,
tvm,NULLROTRIFNOT,tuple,,false,false,
tvm,NULLSWAPIF2,tuple,,false,false,
tvm,NULLSWAPIFNOT2,tuple,,false,false,
tvm,NULLROTRIF2,tuple,,false,false,
tvm,NULLROTRIFNOT2,tuple,,false,false,
tvm,ADDDIVMOD,arithmetic,div,false,false,
tvm,ADDDIVMODR,arithmetic,div,false,false,
tvm,ADDDIVMODC,arithmetic,div,false,false,
tvm,DIV,arithmetic,div,false,false,
tvm,DIVR,arithmetic,div,false,false,
tvm,DIVC,arithmetic,div,false,false,
tvm,MOD,arithmetic,div,false,false,
tvm,MODR,arithmetic,div,false,false,
tvm,MODC,arithmetic,div,false,false,
tvm,DIVMOD,arithmetic,div,false,false,
tvm,DIVMODR,arithmetic,div,false,false,
tvm,DIVMODC,arithmetic,div,false,false,
tvm,QADDDIVMOD,arithmetic,div,false,false,
tvm,QADDDIVMODR,arithmetic,div,false,false,
tvm,QADDDIVMODC,arithmetic,div,false,false,
tvm,QDIV,arithmetic,div,false,false,
tvm,QDIVR,arithmetic,div,false,false,
tvm,QDIVC,arithmetic,div,false,false,
tvm,QMOD,arithmetic,div,false,false,
tvm,QMODR,arithmetic,div,false,false,
tvm,QMODC,arithmetic,div,false,false,
tvm,QDIVMOD,arithmetic,div,false,false,
tvm,QDIVMODR,arithmetic,div,false,false,
tvm,QDIVMODC,arithmetic,div,false,false,
tvm,ADDRSHIFTMOD,arithmetic,div,false,false,
tvm,ADDRSHIFTMODR,arithmetic,div,false,false,
tvm,ADDRSHIFTMODC,arithmetic,div,false,false,
tvm,RSHIFTR,arithmetic,div,false,false,
tvm,RSHIFTC,arithmetic,div,false,false,
tvm,MODPOW2,arithmetic,div,false,false,
tvm,MODPOW2R,arithmetic,div,false,false,
tvm,MODPOW2C,arithmetic,div,false,false,
tvm,RSHIFTMOD,arithmetic,div,false,false,
tvm,RSHIFTMODR,arithmetic,div,false,false,
tvm,RSHIFTMODC,arithmetic,div,false,false,
tvm,QADDRSHIFTMOD,arithmetic,div,false,false,
tvm,QADDRSHIFTMODR,arithmetic,div,false,false,
tvm,QADDRSHIFTMODC,arithmetic,div,false,false,
tvm,QRSHIFTR,arithmetic,div,false,false,
tvm,QRSHIFTC,arithmetic,div,false,false,
tvm,QMODPOW2,arithmetic,div,false,false,
tvm,QMODPOW2R,arithmetic,div,false,false,
tvm,QMODPOW2C,arithmetic,div,false,false,
tvm,QRSHIFTMOD,arithmetic,div,false,false,
tvm,QRSHIFTMODR,arithmetic,div,false,false,
tvm,QRSHIFTMODC,arithmetic,div,false,false,
tvm,MULADDDIVMOD,arithmetic,div,false,false,
tvm,MULADDDIVMODR,arithmetic,div,false,false,
tvm,MULADDDIVMODC,arithmetic,div,false,false,
tvm,MULDIV,arithmetic,div,false,false,
tvm,MULDIVR,arithmetic,div,false,false,
tvm,MULDIVC,arithmetic,div,false,false,
tvm,MULMOD,arithmetic,div,false,false,
tvm,MULMODR,arithmetic,div,false,false,
tvm,MULMODC,arithmetic,div,false,false,
tvm,MULDIVMOD,arithmetic,div,false,false,
tvm,MULDIVMODR,arithmetic,div,false,false,
tvm,MULDIVMODC,arithmetic,div,false,false,
tvm,QMULADDDIVMOD,arithmetic,div,false,false,
tvm,QMULADDDIVMODR,arithmetic,div,false,false,
tvm,QMULADDDIVMODC,arithmetic,div,false,false,
tvm,QMULDIV,arithmetic,div,false,false,
tvm,QMULDIVR,arithmetic,div,false,false,
tvm,QMULDIVC,arithmetic,div,false,false,
tvm,QMULMOD,arithmetic,div,false,false,
tvm,QMULMODR,arithmetic,div,false,false,
tvm,QMULMODC,arithmetic,div,false,false,
tvm,QMULDIVMOD,arithmetic,div,false,false,
tvm,QMULDIVMODR,arithmetic,div,false,false,
tvm,QMULDIVMODC,arithmetic,div,false,false,
tvm,MULADDRSHIFTMOD,arithmetic,div,false,false,
tvm,MULADDRSHIFTRMOD,arithmetic,div,false,false,
tvm,MULADDRSHIFTCMOD,arithmetic,div,false,false,
tvm,MULRSHIFT,arithmetic,div,false,false,
tvm,MULRSHIFTR,arithmetic,div,false,false,
tvm,MULRSHIFTC,arithmetic,div,false,false,
tvm,MULMODPOW2,arithmetic,div,false,false,
tvm,MULMODPOW2R,arithmetic,div,false,false,
tvm,MULMODPOW2C,arithmetic,div,false,false,
tvm,MULRSHIFTMOD,arithmetic,div,false,false,
tvm,MULRSHIFTRMOD,arithmetic,div,false,false,
tvm,MULRSHIFTCMOD,arithmetic,div,false,false,
tvm,QMULADDRSHIFTMOD,arithmetic,div,false,false,
tvm,QMULADDRSHIFTRMOD,arithmetic,div,false,false,
tvm,QMULADDRSHIFTCMOD,arithmetic,div,false,false,
tvm,QMULRSHIFT,arithmetic,div,false,false,
tvm,QMULRSHIFTR,arithmetic,div,false,false,
tvm,QMULRSHIFTC,arithmetic,div,false,false,
tvm,QMULMODPOW2,arithmetic,div,false,false,
tvm,QMULMODPOW2R,arithmetic,div,false,false,
tvm,QMULMODPOW2C,arithmetic,div,false,false,
tvm,QMULRSHIFTMOD,arithmetic,div,false,false,
tvm,QMULRSHIFTRMOD,arithmetic,div,false,false,
tvm,QMULRSHIFTCMOD,arithmetic,div,false,false,
tvm,LSHIFTADDDIVMOD,arithmetic,div,false,false,
tvm,LSHIFTADDDIVMODR,arithmetic,div,false,false,
tvm,LSHIFTADDDIVMODC,arithmetic,div,false,false,
tvm,LSHIFTDIV,arithmetic,div,false,false,
tvm,LSHIFTDIVR,arithmetic,div,false,false,
tvm,LSHIFTDIVC,arithmetic,div,false,false,
tvm,LSHIFTMOD,arithmetic,div,false,false,
tvm,LSHIFTMODR,arithmetic,div,false,false,
tvm,LSHIFTMODC,arithmetic,div,false,false,
tvm,LSHIFTDIVMOD,arithmetic,div,false,false,
tvm,LSHIFTDIVMODR,arithmetic,div,false,false,
tvm,LSHIFTDIVMODC,arithmetic,div,false,false,
tvm,QLSHIFTADDDIVMOD,arithmetic,div,false,false,
tvm,QLSHIFTADDDIVMODR,arithmetic,div,false,false,
tvm,QLSHIFTADDDIVMODC,arithmetic,div,false,false,
tvm,QLSHIFTDIV,arithmetic,div,false,false,
tvm,QLSHIFTDIVR,arithmetic,div,false,false,
tvm,QLSHIFTDIVC,arithmetic,div,false,false,
tvm,QLSHIFTMOD,arithmetic,div,false,false,
tvm,QLSHIFTMODR,arithmetic,div,false,false,
tvm,QLSHIFTMODC,arithmetic,div,false,false,
tvm,QLSHIFTDIVMOD,arithmetic,div,false,false,
tvm,QLSHIFTDIVMODR,arithmetic,div,false,false,
tvm,QLSHIFTDIVMODC,arithmetic,div,false,false,
tvm,STIX,cell,cell_serialize,false,false,
tvm,STUX,cell,cell_serialize,false,false,
tvm,STIXR,cell,cell_serialize,false,false,
tvm,STUXR,cell,cell_serialize,false,false,
tvm,STIXQ,cell,cell_serialize,false,false,
tvm,STUXQ,cell,cell_serialize,false,false,
tvm,STIXRQ,cell,cell_serialize,false,false,
tvm,STUXRQ,cell,cell_serialize,false,false,
tvm,STILE4,cell,cell_serialize,false,false,
tvm,STULE4,cell,cell_serialize,false,false,
tvm,STILE8,cell,cell_serialize,false,false,
tvm,STULE8,cell,cell_serialize,false,false,
tvm,LDIX,cell,cell_deserialize,false,false,
tvm,LDUX,cell,cell_deserialize,false,false,
tvm,PLDIX,cell,cell_deserialize,false,false,
tvm,PLDUX,cell,cell_deserialize,false,false,
tvm,LDIXQ,cell,cell_deserialize,false,false,
tvm,LDUXQ,cell,cell_deserialize,false,false,
tvm,PLDIXQ,cell,cell_deserialize,false,false,
tvm,PLDUXQ,cell,cell_deserialize,false,false,
tvm,LDSLICEX,cell,cell_deserialize,false,false,
tvm,PLDSLICEX,cell,cell_deserialize,false,false,
tvm,LDSLICEXQ,cell,cell_deserialize,false,false,
tvm,PLDSLICEXQ,cell,cell_deserialize,false,false,
tvm,LDILE4,cell,cell_deserialize,false,false,
tvm,LDULE4,cell,cell_deserialize,false,false,
tvm,LDILE8,cell,cell_deserialize,false,false,
tvm,LDULE8,cell,cell_deserialize,false,false,
tvm,PLDILE4,cell,cell_deserialize,false,false,
tvm,PLDULE4,cell,cell_deserialize,false,false,
tvm,PLDILE8,cell,cell_deserialize,false,false,
tvm,PLDULE8,cell,cell_deserialize,false,false,
tvm,LDILE4Q,cell,cell_deserialize,false,false,
tvm,LDULE4Q,cell,cell_deserialize,false,false,
tvm,LDILE8Q,cell,cell_deserialize,false,false,
tvm,LDULE8Q,cell,cell_deserialize,false,false,
tvm,PLDILE4Q,cell,cell_deserialize,false,false,
tvm,PLDULE4Q,cell,cell_deserialize,false,false,
tvm,PLDILE8Q,cell,cell_deserialize,false,false,
tvm,PLDULE8Q,cell,cell_deserialize,false,false,
tvm,DICTIGETJMP,dictionary,,false,false,
tvm,DICTUGETJMP,dictionary,,false,false,
tvm,DICTIGETEXEC,dictionary,,false,false,
tvm,DICTUGETEXEC,dictionary,,false,false,
tvm,DICTIGETJMPZ,dictionary,,false,false,
tvm,DICTUGETJMPZ,dictionary,,false,false,
tvm,DICTIGETEXECZ,dictionary,,false,false,
tvm,DICTUGETEXECZ,dictionary,,false,false,
tvm,DICTGET,dictionary,,false,false,
tvm,DICTGETREF,dictionary,,false,false,
tvm,DICTIGET,dictionary,,false,false,
tvm,DICTIGETREF,dictionary,,false,false,
tvm,DICTUGET,dictionary,,false,false,
tvm,DICTUGETREF,dictionary,,false,false,
tvm,DICTSET,dictionary,,false,false,
tvm,DICTSETREF,dictionary,,false,false,
tvm,DICTISET,dictionary,,false,false,
tvm,DICTISETREF,dictionary,,false,false,
tvm,DICTUSET,dictionary,,false,false,
tvm,DICTUSETREF,dictionary,,false,false,
tvm,DICTSETGET,dictionary,,false,false,
tvm,DICTSETGETREF,dictionary,,false,false,
tvm,DICTISETGET,dictionary,,false,false,
tvm,DICTISETGETREF,dictionary,,false,false,
tvm,DICTUSETGET,dictionary,,false,false,
tvm,DICTUSETGETREF,dictionary,,false,false,
tvm,DICTREPLACE,dictionary,,false,false,
tvm,DICTREPLACEREF,dictionary,,false,false,
tvm,DICTIREPLACE,dictionary,,false,false,
tvm,DICTIREPLACEREF,dictionary,,false,false,
tvm,DICTUREPLACE,dictionary,,false,false,
tvm,DICTUREPLACEREF,dictionary,,false,false,
tvm,DICTREPLACEGET,dictionary,,false,false,
tvm,DICTREPLACEGETREF,dictionary,,false,false,
tvm,DICTIREPLACEGET,dictionary,,false,false,
tvm,DICTIREPLACEGETREF,dictionary,,false,false,
tvm,DICTUREPLACEGET,dictionary,,false,false,
tvm,DICTUREPLACEGETREF,dictionary,,false,false,
tvm,DICTADD,dictionary,,false,false,
tvm,DICTADDREF,dictionary,,false,false,
tvm,DICTIADD,dictionary,,false,false,
tvm,DICTIADDREF,dictionary,,false,false,
tvm,DICTUADD,dictionary,,false,false,
tvm,DICTUADDREF,dictionary,,false,false,
tvm,DICTADDGET,dictionary,,false,false,
tvm,DICTADDGETREF,dictionary,,false,false,
tvm,DICTIADDGET,dictionary,,false,false,
tvm,DICTIADDGETREF,dictionary,,false,false,
tvm,DICTUADDGET,dictionary,,false,false,
tvm,DICTUADDGETREF,dictionary,,false,false,
tvm,DICTDELGET,dictionary,,false,false,
tvm,DICTDELGETREF,dictionary,,false,false,
tvm,DICTIDELGET,dictionary,,false,false,
tvm,DICTIDELGETREF,dictionary,,false,false,
tvm,DICTUDELGET,dictionary,,false,false,
tvm,DICTUDELGETREF,dictionary,,false,false,
tvm,DICTMIN,dictionary,,false,false,
tvm,DICTMINREF,dictionary,,false,false,
tvm,DICTIMIN,dictionary,,false,false,
tvm,DICTIMINREF,dictionary,,false,false,
tvm,DICTUMIN,dictionary,,false,false,
tvm,DICTUMINREF,dictionary,,false,false,
tvm,DICTMAX,dictionary,,false,false,
tvm,DICTMAXREF,dictionary,,false,false,
tvm,DICTIMAX,dictionary,,false,false,
tvm,DICTIMAXREF,dictionary,,false,false,
tvm,DICTUMAX,dictionary,,false,false,
tvm,DICTUMAXREF,dictionary,,false,false,
tvm,DICTREMMIN,dictionary,,false,false,
tvm,DICTREMMINREF,dictionary,,false,false,
tvm,DICTIREMMIN,dictionary,,false,false,
tvm,DICTIREMMINREF,dictionary,,false,false,
tvm,DICTUREMMIN,dictionary,,false,false,
tvm,DICTUREMMINREF,dictionary,,false,false,
tvm,DICTREMMAX,dictionary,,false,false,
tvm,DICTREMMAXREF,dictionary,,false,false,
tvm,DICTIREMMAX,dictionary,,false,false,
tvm,DICTIREMMAXREF,dictionary,,false,false,
tvm,DICTUREMMAX,dictionary,,false,false,
tvm,DICTUREMMAXREF,dictionary,,false,false,
tvm,DICTSETB,dictionary,,false,false,
tvm,DICTISETB,dictionary,,false,false,
tvm,DICTUSETB,dictionary,,false,false,
tvm,DICTSETGETB,dictionary,,false,false,
tvm,DICTISETGETB,dictionary,,false,false,
tvm,DICTUSETGETB,dictionary,,false,false,
tvm,DICTREPLACEB,dictionary,,false,false,
tvm,DICTIREPLACEB,dictionary,,false,false,
tvm,DICTUREPLACEB,dictionary,,false,false,
tvm,DICTREPLACEGETB,dictionary,,false,false,
tvm,DICTIREPLACEGETB,dictionary,,false,false,
tvm,DICTUREPLACEGETB,dictionary,,false,false,
tvm,DICTADDB,dictionary,,false,false,
tvm,DICTIADDB,dictionary,,false,false,
tvm,DICTUADDB,dictionary,,false,false,
tvm,DICTADDGETB,dictionary,,false,false,
tvm,DICTIADDGETB,dictionary,,false,false,
tvm,DICTUADDGETB,dictionary,,false,false,
tvm,DICTDEL,dictionary,,false,false,
tvm,DICTIDEL,dictionary,,false,false,
tvm,DICTUDEL,dictionary,,false,false,
tvm,DICTGETOPTREF,dictionary,,false,false,
tvm,DICTIGETOPTREF,dictionary,,false,false,
tvm,DICTUGETOPTREF,dictionary,,false,false,
tvm,DICTSETGETOPTREF,dictionary,,false,false,
tvm,DICTISETGETOPTREF,dictionary,,false,false,
tvm,DICTUSETGETOPTREF,dictionary,,false,false,
tvm,SUBDICTGET,dictionary,,false,false,
tvm,SUBDICTIGET,dictionary,,false,false,
tvm,SUBDICTUGET,dictionary,,false,false,
tvm,SUBDICTRPGET,dictionary,,false,false,
tvm,SUBDICTIRPGET,dictionary,,false,false,
tvm,SUBDICTURPGET,dictionary,,false,false,
tvm,THROWANY,exception,,false,false,
tvm,THROWARGANY,exception,,false,false,
tvm,THROWANYIFNOT,exception,,false,false,
tvm,THROWARGANYIFNOT,exception,,false,false,
tvm,DICTGETNEXT,dictionary,,false,false,
tvm,DICTGETNEXTEQ,dictionary,,false,false,
tvm,DICTGETPREV,dictionary,,false,false,
tvm,DICTGETPREVEQ,dictionary,,false,false,
tvm,DICTIGETNEXT,dictionary,,false,false,
tvm,DICTIGETNEXTEQ,dictionary,,false,false,
tvm,DICTIGETPREV,dictionary,,false,false,
tvm,DICTIGETPREVEQ,dictionary,,false,false,
tvm,DICTUGETNEXT,dictionary,,false,false,
tvm,DICTUGETNEXTEQ,dictionary,,false,false,
tvm,DICTUGETPREV,dictionary,,false,false,
tvm,DICTUGETPREVEQ,dictionary,,false,false,
tvm,ADDINT,arithmetic,add_mul,false,false,
tvm,MULINT,arithmetic,add_mul,false,false,
tvm,QADDINT,arithmetic,add_mul,false,false,
tvm,QMULINT,arithmetic,add_mul,false,false,
tvm,EQINT,arithmetic,int_cmp,false,false,
tvm,LESSINT,arithmetic,int_cmp,false,false,
tvm,GTINT,arithmetic,int_cmp,false,false,
tvm,NEQINT,arithmetic,int_cmp,false,false,
tvm,QEQINT,arithmetic,int_cmp,false,false,
tvm,QLESSINT,arithmetic,int_cmp,false,false,
tvm,QGTINT,arithmetic,int_cmp,false,false,
tvm,QNEQINT,arithmetic,int_cmp,false,false,
tvm,PUSHPOW2DEC,arithmetic,int_const,false,false,
tvm,PUSHNEGPOW2,arithmetic,int_const,false,false,
tvm,FITS,arithmetic,shift_logic,false,false,
tvm,UFITS,arithmetic,shift_logic,false,false,
tvm,QFITS,arithmetic,shift_logic,false,false,
tvm,QUFITS,arithmetic,shift_logic,false,false,
tvm,SETCONTCTRMANY,continuation,continuation_change,false,false,
tvm,CALLCCARGS,continuation,continuation_jump,false,false,
tvm,TRYARGS,exception,,false,false,
tvm,PLDREFIDX,cell,cell_deserialize,false,false,
tvm,CHASHI,cell,cell_deserialize,false,false,
tvm,CDEPTHI,cell,cell_deserialize,false,false,
tvm,JMPDICT,continuation,continuation_dict_jump,false,false,
tvm,PREPAREDICT,continuation,continuation_dict_jump,false,false,
tvm,THROWARG,exception,,false,false,
tvm,THROWARGIF,exception,,false,false,
tvm,THROWARGIFNOT,exception,,false,false,
tvm,JMPXARGS,continuation,continuation_jump,false,false,
tvm,RETARGS,continuation,continuation_jump,false,false,
tvm,RETURNARGS,continuation,continuation_change,false,false,
tvm,BLKDROP,stack,,false,false,
tvm,TUPLE,tuple,,false,false,
tvm,INDEX,tuple,,false,false,
tvm,UNTUPLE,tuple,,false,false,
tvm,UNPACKFIRST,tuple,,false,false,
tvm,EXPLODE,tuple,,false,false,
tvm,SETINDEX,tuple,,false,false,
tvm,INDEXQ,tuple,,false,false,
tvm,SETINDEXQ,tuple,,false,false,
tvm,XC2PU,stack,,false,false,
tvm,XCPU2,stack,,false,false,
tvm,PUSH3,stack,,false,false,
tvm,XCHG2,stack,,false,false,
tvm,XCPU,stack,,false,false,
tvm,PUSH2,stack,,false,false,
tvm,PUXC,stack,,false,false,
tvm,XCPUXC,stack,,false,false,
tvm,PUXC2,stack,,false,false,
tvm,PUXCPU,stack,,false,false,
tvm,PU2XC,stack,,false,false,
tvm,BLKSWAP,stack,,false,false,
tvm,REVERSE,stack,,false,false,
tvm,SETCONTARGS,continuation,continuation_change,false,false,
tvm,BLESSARGS,continuation,continuation_change,false,false,
tvm,STIR,cell,cell_serialize,false,false,
tvm,STUR,cell,cell_serialize,false,false,
tvm,STIQ,cell,cell_serialize,false,false,
tvm,STUQ,cell,cell_serialize,false,false,
tvm,STIRQ,cell,cell_serialize,false,false,
tvm,STURQ,cell,cell_serialize,false,false,
tvm,PLDI,cell,cell_deserialize,false,false,
tvm,PLDU,cell,cell_deserialize,false,false,
tvm,LDIQ,cell,cell_deserialize,false,false,
tvm,LDUQ,cell,cell_deserialize,false,false,
tvm,PLDIQ,cell,cell_deserialize,false,false,
tvm,PLDUQ,cell,cell_deserialize,false,false,
tvm,PLDUZ,cell,cell_deserialize,false,false,
tvm,PLDSLICE,cell,cell_deserialize,false,false,
tvm,LDSLICEQ,cell,cell_deserialize,false,false,
tvm,PLDSLICEQ,cell,cell_deserialize,false,false,
tvm,IFBITJMP,continuation,continuation_cond,false,false,
tvm,IFNBITJMP,continuation,continuation_cond,false,false,
tvm,INDEX2,tuple,,false,false,
tvm,INDEX3,tuple,,false,false,
tvm,PUSHPOW2,arithmetic,int_const,false,false,
tvm,BLKPUSH,stack,,false,false,
tvm,BLKDROP2,stack,,false,false,
tvm,GETGLOB,globals,,false,false,
tvm,SETGLOB,globals,,false,false,
tvm,GETPARAM,config,,false,false,
tvm,PUSHREF,cell,cell_const,false,false,
tvm,PUSHREFSLICE,cell,cell_const,false,false,
tvm,PUSHREFCONT,cell,cell_const,false,false,
tvm,CALLREF,continuation,continuation_jump,false,false,
tvm,JMPREF,continuation,continuation_jump,false,false,
tvm,JMPREFDATA,continuation,continuation_jump,false,false,
tvm,IFREF,continuation,continuation_cond,false,false,
tvm,IFNOTREF,continuation,continuation_cond,false,false,
tvm,IFJMPREF,continuation,continuation_cond,false,false,
tvm,IFNOTJMPREF,continuation,continuation_cond,false,false,
tvm,IFREFELSE,continuation,continuation_cond,false,false,
tvm,IFELSEREF,continuation,continuation_cond,false,false,
tvm,IFREFELSEREF,continuation,continuation_cond,false,false,
tvm,IFBITJMPREF,continuation,continuation_cond,false,false,
tvm,IFNBITJMPREF,continuation,continuation_cond,false,false,
tvm,DICTPUSHCONST,dictionary,,false,false,
tvm,PFXDICTSWITCH,dictionary,,false,false,
tvm,SDBEGINSX,cell,cell_deserialize,false,false,
tvm,SDBEGINSXQ,cell,cell_deserialize,false,false,
tvm,SDBEGINS,cell,cell_deserialize,false,false,
tvm,SDBEGINSQ,cell,cell_deserialize,false,false,
tvm,STREFCONST,cell,cell_serialize,false,false,
tvm,STREF2CONST,cell,cell_serialize,false,false,
tvm,THROWANYIF,exception,,false,false,
tvm,THROWARGANYIF,exception,,false,false,
tvm,DEBUGSTR,debug,,false,false,
tvm,EXTCALL,debug,,false,false,
tvm,SETCONTCTR,continuation,continuation_change,false,false,
tvm,SETRETCTR,continuation,continuation_change,false,false,
tvm,SETALTCTR,continuation,continuation_change,false,false,
tvm,POPSAVE,continuation,continuation_change,false,false,
tvm,SAVECTR,continuation,continuation_change,false,false,
tvm,SAVEALTCTR,continuation,continuation_change,false,false,
tvm,SAVEBOTHCTR,continuation,continuation_change,false,false,
tvm,RUNVM,continuation,continuation_jump,false,false,
tvm,2SWAP,stack,,false,false,
tvm,2DROP,stack,,false,false,
tvm,2DUP,stack,,false,false,
tvm,2OVER,stack,,false,false,
tvm,ADDRSHIFT#MOD,arithmetic,div,false,false,
tvm,ADDRSHIFTR#MOD,arithmetic,div,false,false,
tvm,ADDRSHIFTC#MOD,arithmetic,div,false,false,
tvm,RSHIFT#,arithmetic,div,false,false,
tvm,RSHIFTR#,arithmetic,div,false,false,
tvm,RSHIFTC#,arithmetic,div,false,false,
tvm,MODPOW2#,arithmetic,div,false,false,
tvm,MODPOW2R#,arithmetic,div,false,false,
tvm,MODPOW2C#,arithmetic,div,false,false,
tvm,RSHIFT#MOD,arithmetic,div,false,false,
tvm,RSHIFTR#MOD,arithmetic,div,false,false,
tvm,RSHIFTC#MOD,arithmetic,div,false,false,
tvm,MULADDRSHIFT#MOD,arithmetic,div,false,false,
tvm,MULADDRSHIFTR#MOD,arithmetic,div,false,false,
tvm,MULADDRSHIFTC#MOD,arithmetic,div,false,false,
tvm,MULRSHIFT#,arithmetic,div,false,false,
tvm,MULRSHIFTR#,arithmetic,div,false,false,
tvm,MULRSHIFTC#,arithmetic,div,false,false,
tvm,MULMODPOW2#,arithmetic,div,false,false,
tvm,MULMODPOW2R#,arithmetic,div,false,false,
tvm,MULMODPOW2C#,arithmetic,div,false,false,
tvm,MULRSHIFT#MOD,arithmetic,div,false,false,
tvm,MULRSHIFTR#MOD,arithmetic,div,false,false,
tvm,MULRSHIFTC#MOD,arithmetic,div,false,false,
tvm,LSHIFT#ADDDIVMOD,arithmetic,div,false,false,
tvm,LSHIFT#ADDDIVMODR,arithmetic,div,false,false,
tvm,LSHIFT#ADDDIVMODC,arithmetic,div,false,false,
tvm,LSHIFT#DIV,arithmetic,div,false,false,
tvm,LSHIFT#DIVR,arithmetic,div,false,false,
tvm,LSHIFT#DIVC,arithmetic,div,false,false,
tvm,LSHIFT#MOD,arithmetic,div,false,false,
tvm,LSHIFT#MODR,arithmetic,div,false,false,
tvm,LSHIFT#MODC,arithmetic,div,false,false,
tvm,LSHIFT#DIVMOD,arithmetic,div,false,false,
tvm,LSHIFT#DIVMODR,arithmetic,div,false,false,
tvm,LSHIFT#DIVMODC,arithmetic,div,false,false,
tvm,HASHEXT,crypto,crypto_common,false,false,
tvm,HASHEXTR,crypto,crypto_common,false,false,
tvm,HASHEXTA,crypto,crypto_common,false,false,
tvm,HASHEXTAR,crypto,crypto_common,false,false,
tvm,STREF,cell,cell_serialize,false,false,
tvm,STREF_ALT,cell,cell_serialize,false,false,
tvm,STSLICE,cell,cell_serialize,false,false,
tvm,STSLICE_ALT,cell,cell_serialize,false,false,
tvm,XCHG3,stack,,false,false,
tvm,XCHG3_ALT,stack,,false,false,
tvm,STI,cell,cell_serialize,false,false,
tvm,STI_ALT,cell,cell_serialize,false,false,
tvm,STU,cell,cell_serialize,false,false,
tvm,STU_ALT,cell,cell_serialize,false,false,
tvm,LDI,cell,cell_deserialize,false,false,
tvm,LDI_ALT,cell,cell_deserialize,false,false,
tvm,LDU,cell,cell_deserialize,false,false,
tvm,LDU_ALT,cell,cell_deserialize,false,false,
tvm,LDSLICE,cell,cell_deserialize,false,false,
tvm,LDSLICE_ALT,cell,cell_deserialize,false,false,
tvm,LSHIFT_VAR,arithmetic,shift_logic,false,false,
tvm,LSHIFT,arithmetic,shift_logic,false,false,
tvm,QLSHIFT_VAR,arithmetic,shift_logic,false,false,
tvm,QLSHIFT,arithmetic,shift_logic,false,false,
tvm,BCHKBITS_VAR,cell,cell_serialize,false,false,
tvm,BCHKBITS,cell,cell_serialize,false,false,
tvm,BCHKBITSQ_VAR,cell,cell_serialize,false,false,
tvm,BCHKBITSQ,cell,cell_serialize,false,false,
tvm,RSHIFT_VAR,arithmetic,shift_logic,false,false,
tvm,RSHIFT,arithmetic,shift_logic,false,false,
tvm,RSHIFT_ALT,arithmetic,div,false,false,
tvm,QRSHIFT_VAR,arithmetic,shift_logic,false,false,
tvm,QRSHIFT,arithmetic,shift_logic,false,false,
tvm,QRSHIFT_ALT,arithmetic,div,false,false,
tvm,CALLDICT,continuation,continuation_dict_jump,false,false,
tvm,CALLDICT_LONG,continuation,continuation_dict_jump,false,false,
tvm,THROW_SHORT,exception,,false,false,
tvm,THROW,exception,,false,false,
tvm,THROWIF_SHORT,exception,,false,false,
tvm,THROWIF,exception,,false,false,
tvm,THROWIFNOT_SHORT,exception,,false,false,
tvm,THROWIFNOT,exception,,false,false,
tvm,PUSHINT_4,arithmetic,int_const,false,false,
tvm,PUSHINT_8,arithmetic,int_const,false,false,
tvm,PUSHINT_16,arithmetic,int_const,false,false,
tvm,PUSHINT_LONG,arithmetic,int_const,false,false,
tvm,XCHG_0I_LONG,stack,,false,false,
tvm,XCHG_0I,stack,,false,false,
tvm,XCHG_IJ,stack,,false,false,
tvm,XCHG_1I,stack,,false,false,
tvm,DUMPSTK,debug,,false,false,
tvm,DEBUG,debug,,false,false,
tvm,STRDUMP,debug,,false,false,
tvm,DEBUG_1,debug,,false,false,
tvm,DUMP,debug,,false,false,
tvm,DEBUG_2,debug,,false,false,
tvm,PUSHCTR,continuation,continuation_change,false,false,
tvm,PUSH,stack,,false,false,
tvm,PUSH_LONG,stack,,false,false,
tvm,POPCTR,continuation,continuation_change,false,false,
tvm,POP,stack,,false,false,
tvm,POP_LONG,stack,,false,false,
tvm,CALLXARGS,continuation,continuation_jump,false,false,
tvm,CALLXARGS_1,continuation,continuation_jump,false,false,
tvm,PUSHSLICE,cell,cell_const,false,false,
tvm,PUSHSLICE_REFS,cell,cell_const,false,false,
tvm,PUSHSLICE_LONG,cell,cell_const,false,false,
tvm,PUSHCONT,cell,cell_const,false,false,
tvm,PUSHCONT_SHORT,cell,cell_const,false,false,
tvm,STSLICECONST,cell,cell_serialize,false,false,
tvm,SETCP,codepage,,false,false,
tvm,SETCPX,codepage,,false,false,
tvm,SETCP_SHORT,codepage,,false,false,
tvm,GETPARAMLONG,config,,false,false,
tvm,INMSGPARAMS,config,,false,false,
tvm,GETPARAMLONG2,config,,false,false,
tvm,INMSG_BOUNCE,config,,false,false,
tvm,INMSG_BOUNCED,config,,false,false,
tvm,INMSG_SRC,config,,false,false,
tvm,INMSG_FWDFEE,config,,false,false,
tvm,INMSG_LT,config,,false,false,
tvm,INMSG_UTIME,config,,false,false,
tvm,INMSG_ORIGVALUE,config,,false,false,
tvm,INMSG_VALUE,config,,false,false,
tvm,INMSG_VALUEEXTRA,config,,false,false,
tvm,INMSG_STATEINIT,config,,false,false,
tvm,INMSGPARAM,config,,false,false,
tvm,BTOS,cell,cell_deserialize,false,false,
tvm,HASHBU,crypto,crypto_common,false,false,
tvm,LDSTDADDR,cell,cell_deserialize,false,false,
tvm,LDSTDADDRQ,cell,cell_deserialize,false,false,
tvm,LDOPTSTDADDR,cell,cell_deserialize,false,false,
tvm,LDOPTSTDADDRQ,cell,cell_deserialize,false,false,
tvm,STSTDADDR,cell,cell_deserialize,false,false,
tvm,STSTDADDRQ,cell,cell_deserialize,false,false,
tvm,STOPTSTDADDR,cell,cell_deserialize,false,false,
tvm,STOPTSTDADDRQ,cell,cell_deserialize,false,false,
fift,-ROT,stack,,false,false,alias of ROTREV
fift,-ROLL,stack,,false,false,alias of BLKSWAP
fift,FALSE,arithmetic,int_const,false,false,alias of PUSHINT_4
fift,TRUE,arithmetic,int_const,false,false,alias of PUSHINT_4
fift,ONE,arithmetic,int_const,false,false,alias of PUSHINT_4
fift,TWO,arithmetic,int_const,false,false,alias of PUSHINT_4
fift,TEN,arithmetic,int_const,false,false,alias of PUSHINT_4
fift,FIRST,tuple,,false,false,alias of INDEX
fift,SECOND,tuple,,false,false,alias of INDEX
fift,THIRD,tuple,,false,false,alias of INDEX
fift,PUSHROOT,continuation,continuation_change,false,false,alias of PUSHCTR
fift,POPROOT,continuation,continuation_change,false,false,alias of POPCTR
fift,SKIPOPTREF,dictionary,,false,false,alias of SKIPDICT
fift,LDOPTREF,dictionary,,false,false,alias of LDDICT
fift,PLDOPTREF,dictionary,,false,false,alias of PLDDICT
fift,STOPTREF,dictionary,,false,false,alias of STDICT
fift,PLDREF,cell,cell_deserialize,false,false,alias of PLDREFIDX
fift,SETCONTMANY,continuation,continuation_change,false,false,alias of SETCONTCTRMANY
fift,LDVARUINT16,cell,cell_deserialize,false,false,alias of LDGRAMS
fift,STVARUINT16,cell,cell_serialize,false,false,alias of STGRAMS
fift,NIL,tuple,,false,false,alias of TUPLE
fift,SINGLE,tuple,,false,false,alias of TUPLE
fift,PAIR,tuple,,false,false,alias of TUPLE
fift,TRIPLE,tuple,,false,false,alias of TUPLE
fift,CONS,tuple,,false,false,alias of TUPLE
fift,2ROT,stack,,false,false,alias of BLKSWAP
fift,ROT2,stack,,false,false,alias of BLKSWAP
fift,PUSHX,stack,,false,false,alias of PICK
fift,-ROLLX,stack,,false,false,alias of ROLLREV
fift,NULL,tuple,,false,false,alias of PUSHNULL
fift,ZERO,arithmetic,int_const,false,false,alias of PUSHINT_4
fift,CHKTUPLE,tuple,,false,false,alias of UNPACKFIRST
fift,SETFIRST,tuple,,false,false,alias of SETINDEX
fift,SETSECOND,tuple,,false,false,alias of SETINDEX
fift,SETTHIRD,tuple,,false,false,alias of SETINDEX
fift,SETFIRSTQ,tuple,,false,false,alias of SETINDEXQ
fift,SETSECONDQ,tuple,,false,false,alias of SETINDEXQ
fift,SETTHIRDQ,tuple,,false,false,alias of SETINDEXQ
fift,UNCONS,tuple,,false,false,alias of UNTUPLE
fift,UNPAIR,tuple,,false,false,alias of UNTUPLE
fift,CARQ,tuple,,false,false,alias of INDEXQ
fift,CADR,tuple,,false,false,alias of INDEX2
fift,CDDR,tuple,,false,false,alias of INDEX2
fift,CADDR,tuple,,false,false,alias of INDEX3
fift,CDDDR,tuple,,false,false,alias of INDEX3
fift,FIRSTQ,tuple,,false,false,alias of INDEXQ
fift,CDRQ,tuple,,false,false,alias of INDEXQ
fift,SECONDQ,tuple,,false,false,alias of INDEXQ
fift,COMMA,tuple,,false,false,alias of TPUSH
fift,INTSORT2,arithmetic,other_arith,false,false,alias of MINMAX
fift,BCONCAT,cell,cell_serialize,false,false,alias of STBR
fift,BCONCATQ,cell,cell_serialize,false,false,alias of STBRQ
fift,CALLX,continuation,continuation_jump,false,false,alias of EXECUTE
fift,RETTRUE,continuation,continuation_jump,false,false,alias of RET
fift,RETFALSE,continuation,continuation_jump,false,false,alias of RETALT
fift,BRANCH,continuation,continuation_jump,false,false,alias of RETBOOL
fift,COMPOSALT,continuation,continuation_change,false,false,alias of BOOLOR
fift,COMPOS,continuation,continuation_change,false,false,alias of BOOLAND
fift,ISZERO,arithmetic,int_cmp,false,false,alias of EQINT
fift,ISNEG,arithmetic,int_cmp,false,false,alias of LESSINT
fift,ISNNEG,arithmetic,int_cmp,false,false,alias of GTINT
fift,ISNPOS,arithmetic,int_cmp,false,false,alias of LESSINT
fift,ISPOS,arithmetic,int_cmp,false,false,alias of LESSINT
fift,LEQINT,arithmetic,int_cmp,false,false,alias of LESSINT
fift,GEQINT,arithmetic,int_cmp,false,false,alias of GTINT
fift,ADDCONST,arithmetic,add_mul,false,false,alias of ADDINT
fift,SUBCONST,arithmetic,add_mul,false,false,alias of ADDINT
fift,SUBINT,arithmetic,add_mul,false,false,alias of ADDINT
fift,CHKBOOL,arithmetic,shift_logic,false,false,alias of FITS
fift,CHKBIT,arithmetic,shift_logic,false,false,alias of UFITS
fift,STZERO,cell,cell_serialize,false,false,alias of STSLICECONST
fift,STONE,cell,cell_serialize,false,false,alias of STSLICECONST
fift,SLICE,cell,cell_const,false,false,alias of PUSHSLICE
fift,CONT,cell,cell_const,false,false,alias of PUSHCONT
fift,CALL,continuation,continuation_dict_jump,false,false,alias of CALLDICT
fift,JMP,continuation,continuation_dict_jump,false,false,alias of JMPDICT
fift,PREPARE,continuation,continuation_dict_jump,false,false,alias of PREPAREDICT
fift,INLINECALL,,,false,false,alias of none
fift,INLINECALLDICT,,,false,false,alias of none
fift,PFXDICTCONSTGETJMP,dictionary,,false,false,alias of PFXDICTSWITCH
fift,PUSHINT,arithmetic,int_const,false,false,alias of PUSHINT_LONG
fift,INT,arithmetic,int_const,false,false,alias of PUSHINT_LONG
fift,INTX,arithmetic,int_const,false,false,alias of PUSHINT_LONG
fift,NEWDICT,tuple,,false,false,alias of PUSHNULL
fift,DICTEMPTY,tuple,,false,false,alias of ISNULL
fift,STDICTS,cell,cell_serialize,false,false,alias of STSLICE
fift,SETNUMARGS,continuation,continuation_change,false,false,alias of SETCONTARGS
fift,BLESSNUMARGS,continuation,continuation_change,false,false,alias of BLESSARGS
fift,DUMPTOSFMT,debug,,false,false,alias of DEBUGSTR
fift,LOGSTR,debug,,false,false,alias of DEBUGSTR
fift,PRINTSTR,debug,,false,false,alias of DEBUGSTR
fift,SAVEBOTH,continuation,continuation_change,false,false,alias of SAVEBOTHCTR
fift,SAVEALT,continuation,continuation_change,false,false,alias of SAVEALTCTR
fift,SAVE,continuation,continuation_change,false,false,alias of SAVECTR
fift,SETCONT,continuation,continuation_change,false,false,alias of SETCONTCTR
fift,POPCTRSAVE,continuation,continuation_change,false,false,alias of POPSAVE
fift,HASHEXT_SHA256,crypto,crypto_common,false,false,alias of HASHEXT
fift,HASHEXT_SHA512,crypto,crypto_common,false,false,alias of HASHEXT
fift,HASHEXT_BLAKE2B,crypto,crypto_common,false,false,alias of HASHEXT
fift,HASHEXT_KECCAK256,crypto,crypto_common,false,false,alias of HASHEXT
fift,HASHEXT_KECCAK512,crypto,crypto_common,false,false,alias of HASHEXT
fift,HASHEXTR_SHA256,crypto,crypto_common,false,false,alias of HASHEXTR
fift,HASHEXTR_SHA512,crypto,crypto_common,false,false,alias of HASHEXTR
fift,HASHEXTR_BLAKE2B,crypto,crypto_common,false,false,alias of HASHEXTR
fift,HASHEXTR_KECCAK256,crypto,crypto_common,false,false,alias of HASHEXTR
fift,HASHEXTR_KECCAK512,crypto,crypto_common,false,false,alias of HASHEXTR
fift,HASHEXTA_SHA256,crypto,crypto_common,false,false,alias of HASHEXTA
fift,HASHEXTA_SHA512,crypto,crypto_common,false,false,alias of HASHEXTA
fift,HASHEXTA_BLAKE2B,crypto,crypto_common,false,false,alias of HASHEXTA
fift,HASHEXTA_KECCAK256,crypto,crypto_common,false,false,alias of HASHEXTA
fift,HASHEXTA_KECCAK512,crypto,crypto_common,false,false,alias of HASHEXTA
fift,HASHEXTAR_SHA256,crypto,crypto_common,false,false,alias of HASHEXTAR
fift,HASHEXTAR_SHA512,crypto,crypto_common,false,false,alias of HASHEXTAR
fift,HASHEXTAR_BLAKE2B,crypto,crypto_common,false,false,alias of HASHEXTAR
fift,HASHEXTAR_KECCAK256,crypto,crypto_common,false,false,alias of HASHEXTAR
fift,HASHEXTAR_KECCAK512,crypto,crypto_common,false,false,alias of HASHEXTAR
